filename, door, window, zone
876_png.rf.db0d0f0666dfaef76a1eae40c56b1c8e.jpg, 1, 1, 1
682_png.rf.e1609bf15ca2446b64ec86e66c4441ae.jpg, 1, 1, 1
1023_png.rf.dc5273b1381c49c31feacf585f1ffe34.jpg, 1, 1, 1
931_png.rf.dfe563ba31bb80b6cf77e897e7083191.jpg, 1, 1, 1
746_png.rf.dad518aac0115f30652efc7e92a213b3.jpg, 1, 1, 1
771_png.rf.dff4a7de695559770013b44c24811ceb.jpg, 1, 1, 1
686_png.rf.ded1a442c910440ccf8b64df9d0c1c5d.jpg, 1, 1, 1
649_png.rf.ddc395f6706c28353aa06c56171f43da.jpg, 1, 1, 1
695_png.rf.db965e35b6cba5911dd12538ea5f12a8.jpg, 1, 1, 1
976_png.rf.dc1c119b2b97127e83606e13ac8d1167.jpg, 1, 1, 1
1117_png.rf.e0198c9aed1beb2b05651f30fbef7a9f.jpg, 1, 1, 1
856_png.rf.daa7c213e45f988ec182927b39c10865.jpg, 0, 1, 1
1066_png.rf.de40c287a65eb3f637deaeeaec16566c.jpg, 1, 1, 1
1011_png.rf.da8cb3d751a2a906b523ed8331cd56b0.jpg, 1, 1, 1
1129_png.rf.dedc6234df72e07d86ca009bf22a9778.jpg, 1, 1, 1
869_png.rf.e03c297ca8712dbcaa7182d0c719afa1.jpg, 1, 1, 1
772_png.rf.df416cc6b80e3e83f9146788e44b51f3.jpg, 1, 1, 1
797_png.rf.dbbd2a51e372a86f017c618fd6ab4b41.jpg, 1, 1, 1
733_png.rf.e09b10d74a97dd92747128eb588778cb.jpg, 1, 1, 1
776_png.rf.dd6d0e2cbbf1a10c8d4393b4b3043e96.jpg, 1, 1, 1
1098_png.rf.df477cecdd8c9828c8202ea497ff4d64.jpg, 1, 1, 1
884_png.rf.e065e473ead0c381297c7a5517b8c2d5.jpg, 1, 1, 1
1087_png.rf.e1cbd1318ede8a8526244996347e867f.jpg, 1, 1, 1
1033_png.rf.df1b9947dc075f9e25f5cb220cdb14d2.jpg, 1, 1, 1
681_png.rf.e2d9719c67143fd0fd793e4732f5e6ad.jpg, 1, 0, 1
893_png.rf.e06ed40125d1091a0c60944adf177a9d.jpg, 1, 1, 1
1111_png.rf.da8bc48b52ac2b9451a244deb933bb39.jpg, 1, 1, 1
994_png.rf.e2f8304b4c58201a46c23b5ed605f18c.jpg, 1, 1, 1
686_png.rf.e313360e3944a1f1bf60946d2c5ba81e.jpg, 1, 1, 1
1095_png.rf.e2607557644e4dbb3d6b5b3f24dad737.jpg, 1, 1, 1
1078_png.rf.e3f3236abfc0eaacbb0c0a49791ffbb1.jpg, 1, 1, 1
1028_png.rf.e3a07a8b62a7620a94dba1d040899076.jpg, 1, 1, 1
958_png.rf.e4a953f6368fb12f720cd732f25e8e15.jpg, 1, 1, 1
763_png.rf.e40a497425c0766c0dec3f77b4a0a3eb.jpg, 1, 1, 1
998_png.rf.e45a8b4fb70854066c81208b63725fa8.jpg, 1, 1, 1
734_png.rf.e4df876b37d8b182e74ed88b0c3942f2.jpg, 1, 1, 1
933_png.rf.e61a0d919b8d84f14d44cd6f7f5b1660.jpg, 1, 1, 1
752_png.rf.e5926c910498e59be01199e5758e2102.jpg, 1, 1, 1
908_png.rf.e5f316649247fd8b6bb8e6730bd5a1c6.jpg, 1, 1, 1
923_png.rf.e4f58075736da3a3c408c37d292f3f16.jpg, 1, 1, 1
776_png.rf.e624ad7f942781a7b2cdba07cb822e30.jpg, 1, 1, 1
854_png.rf.e7a0ef039bf155ee751c70bf8cc45524.jpg, 1, 1, 1
945_png.rf.e75c1b3084b808a7391fa26f80f3dbb9.jpg, 1, 1, 1
654_png.rf.e8cef5997840da6e3452b482b84898ad.jpg, 1, 1, 1
1102_png.rf.e9161fd821145f26a720f034ccde8c9b.jpg, 1, 1, 1
709_png.rf.e7061acbf27d328d556d8b5d6001d3dd.jpg, 1, 1, 1
1135_png.rf.e85d0101a9e6c2323d9f0596a321ee2d.jpg, 1, 1, 1
744_png.rf.e928d9da7ecda7e3d02d9bee88f06fae.jpg, 1, 1, 1
949_png.rf.e9430ed4466fa597a58056ab56033830.jpg, 1, 1, 1
1129_png.rf.e9830893a126d8be76d7733c4719e18d.jpg, 1, 1, 1
782_png.rf.e9d7c1b9d8c2ea30ebca1c4c1d406241.jpg, 1, 1, 1
1132_png.rf.e9af2ff1debd56c909583f0fbbce2f81.jpg, 1, 0, 1
951_png.rf.e9dc49602f156f819cccd74705dc8694.jpg, 1, 1, 1
1011_png.rf.ea60bdfe2012bd2f425a62649266ecf7.jpg, 1, 1, 1
853_png.rf.eafeaa2cd3003b808a84a36ddf9ae602.jpg, 1, 1, 1
746_png.rf.ea1c7bf4f60f40987aca5dffae199a36.jpg, 1, 1, 1
694_png.rf.eae74b44a4ca4b4174469a27e39b4a02.jpg, 1, 1, 1
913_png.rf.eafeaeb4067e65dc66863698ae187495.jpg, 1, 1, 1
1119_png.rf.eb2048e3ec73929fa2224dc5e83e7731.jpg, 1, 1, 1
952_png.rf.eb76e0193fc7cc4d08357edea70cea96.jpg, 1, 1, 1
674_png.rf.eb3f965a3c14216e261ea0811d526237.jpg, 1, 1, 1
1107_png.rf.ebf64a6022c5dd5bdb0ed35af99cf46e.jpg, 1, 1, 1
899_png.rf.ebc45edc7136986cb59838aff467eb5c.jpg, 1, 1, 1
838_png.rf.ecb295002765fdd9171f052183e014fe.jpg, 1, 1, 1
638_png.rf.edc0ba3dcc6519b9b9751ad534e2417c.jpg, 1, 1, 1
861_png.rf.ec2f20b9d3efa70f9130d60790716011.jpg, 1, 0, 1
851_png.rf.ec35563ddd3151efeb64468d9e14a6cc.jpg, 1, 1, 1
1040_png.rf.ee4b5214665b67dace12b5c3c32cf96d.jpg, 1, 1, 1
999_png.rf.ee10fca595ff9b570eefc0be4900415c.jpg, 1, 1, 1
726_png.rf.ed6ac52de8a58d79aea963077d8b62a6.jpg, 1, 1, 1
704_png.rf.ee76ab860054e2ad3dd7d8e00147e24d.jpg, 1, 1, 1
698_png.rf.ee7ee3c1a690299445de763044c9f3fa.jpg, 1, 1, 1
804_png.rf.ee4e4758dd74c360d799087cafd4f1cd.jpg, 1, 1, 1
652_png.rf.eed4373e9da9a3461036582b7c839c70.jpg, 1, 1, 1
1107_png.rf.eefcd326588001598fbaa5839c790cf1.jpg, 1, 1, 1
730_png.rf.ef00adac21a0c138d9ad691c26ad9b7f.jpg, 1, 1, 1
1066_png.rf.ef00aebda37b8ec232050bd03ac29243.jpg, 1, 1, 1
1015_png.rf.ef47401a62936fa7338def27f0cd8c3a.jpg, 1, 1, 1
724_png.rf.f0166d33ad2c9d83f0c4fd92da4ad8b3.jpg, 1, 1, 1
721_png.rf.ed33063a2fc18e8b48b5ebe5740a1aae.jpg, 1, 1, 1
672_png.rf.f04b764b3c8409802bf906c45a1d4d90.jpg, 1, 1, 1
938_png.rf.f14073c30cd0e5d98a8cb611656a4e8a.jpg, 1, 1, 1
891_png.rf.f0c1ea7e889d8606c013bf64c7064284.jpg, 1, 1, 0
848_png.rf.f0e66beb61e49215ea12b45247100123.jpg, 1, 1, 1
862_png.rf.f109f5a2b36825eb5635bad4fadd7024.jpg, 1, 1, 1
903_png.rf.f1da73f38899da81b7e61d1b7ceea089.jpg, 1, 1, 0
680_png.rf.f276f1ed276913f23035d155b0e39cc5.jpg, 1, 1, 1
1059_png.rf.f2888bd80053984feedf38aa7ce116e2.jpg, 1, 1, 1
822_png.rf.f355ecee3284fdfa9f2f85d0e2cea314.jpg, 1, 1, 1
1004_png.rf.f2d82950bbc347a69a8efcfdd0ea826b.jpg, 1, 1, 1
994_png.rf.f378721a29de05b6425f15b8bea5eaa5.jpg, 1, 1, 1
1121_png.rf.f16dc75001ba244cf4d18515dc627c91.jpg, 1, 1, 1
694_png.rf.f3bda7dba52656cab79c57acb19af019.jpg, 1, 1, 1
869_png.rf.f2afdb948ba4410cf2d00f0a909fa9ed.jpg, 1, 1, 1
682_png.rf.f441207073c68a9d8668d29491dea33b.jpg, 1, 1, 1
914_png.rf.f493cd8ef908fd8ad7d599abfaf4d941.jpg, 1, 1, 1
1049_png.rf.f40fda39e5c75bfb2c44dd700b3cf41d.jpg, 1, 1, 1
1082_png.rf.f4b8e1b86cf776efbe812e3c9071fc1b.jpg, 1, 1, 1
701_png.rf.f53443e868c21954e3132dd62117d9df.jpg, 1, 1, 1
800_png.rf.f4b80b4b58e69965c35b26d054774338.jpg, 1, 1, 1
930_png.rf.f6a7ae36b24116eaf7c6cd1c732d5967.jpg, 1, 1, 1
893_png.rf.f58fb3d1ea437f7b7fcdb1d403841f3f.jpg, 1, 1, 1
1109_png.rf.f5f2fddf8695387cf9911e0ba706a502.jpg, 1, 1, 1
1055_png.rf.f641d0be072edccc2c8888a7be542663.jpg, 1, 1, 1
822_png.rf.f81745c70f454e47395f2cf9c86eb2e1.jpg, 1, 1, 1
724_png.rf.f7db1753fcfb8295b9016e4e28d0d419.jpg, 1, 1, 1
644_png.rf.f68331f55600d131584c1d9eb0426843.jpg, 1, 1, 1
661_png.rf.f998459d36b0f761b8a48e6b70a0b435.jpg, 1, 1, 1
877_png.rf.f97044f4899fe0564581f3e0268a741a.jpg, 1, 1, 1
1119_png.rf.f8d6521f2fc1a05cf76ddfe9380a7458.jpg, 1, 1, 1
992_png.rf.f9a94a31e34815edfcc6fae3605d494f.jpg, 1, 1, 1
1075_png.rf.f9f72e7018bbd8cf6d19073a45004409.jpg, 1, 1, 1
692_png.rf.fa7ddff67da52f129df1ccc57c6dc7dc.jpg, 1, 1, 1
1087_png.rf.faf77dc6bc7a4b65211bbfa35c08e215.jpg, 1, 1, 1
771_png.rf.fb4e7aa4b27ecc26bb5ed5586eb0ae0c.jpg, 1, 1, 1
653_png.rf.fb70ea2b83321432dbafd0b20827768d.jpg, 1, 1, 1
861_png.rf.fb76097610075849862c4839d2085ade.jpg, 1, 0, 1
835_png.rf.fa7c717df01f83f27e2d369979d3d4f0.jpg, 1, 1, 1
869_png.rf.fc297c663637a955dd0942189d97e07f.jpg, 1, 1, 1
946_png.rf.fc86936df1f08b6ba2b6c1f2f02cdc95.jpg, 1, 1, 1
1055_png.rf.fbd293ea71f30d1cf674d8ff5ba161aa.jpg, 1, 1, 1
1120_png.rf.fda719583de3c025f23f07fe29f167c8.jpg, 1, 1, 1
716_png.rf.fb7936899a2cae1fe0c119a66159fa20.jpg, 1, 1, 1
748_png.rf.fe1e869910cda17e956bf3c1e0878b61.jpg, 1, 1, 1
703_png.rf.fdc1fc45d5d7104601314a1ae6009e72.jpg, 1, 1, 1
932_png.rf.fdb8fed12b9a93bd66241d87bc3262ff.jpg, 1, 1, 1
891_png.rf.fe9ea05f4e1628b8ece82cb7eda23df2.jpg, 1, 1, 0
674_png.rf.febb8497437c701f5e0ff2b0074ede28.jpg, 1, 1, 1
1030_png.rf.fe3bd5e9eb2a62a1d5edfaea222890a2.jpg, 1, 1, 1
905_png.rf.ff4fe12002c115630821888a605b1123.jpg, 1, 1, 1
1068_png.rf.91ce67e8890c33e4d8f55ff104e3591e.jpg, 1, 1, 1
993_png.rf.92eb94670a979f141a84f11c69dc97e1.jpg, 1, 1, 1
910_png.rf.8ef9353e7e6d1106a756b294433856c1.jpg, 1, 1, 1
1113_png.rf.902411fb782fb06ffcda7525146726f8.jpg, 1, 1, 1
729_png.rf.927e9763c5eaeebeaed5e66102054cf5.jpg, 1, 1, 1
797_png.rf.90d33e4c1346c4a203faf685b5282cce.jpg, 1, 1, 1
636_png.rf.8da0c54b466613e8b8e03aab943275d0.jpg, 1, 1, 1
901_png.rf.9557cf97038716ab51fd908bf1702c01.jpg, 1, 1, 1
980_png.rf.95be115b48ade94cfe391020196bb676.jpg, 1, 1, 1
1064_png.rf.9372d7c33e11c8b7dcf7d39e6ebe3e6a.jpg, 1, 1, 1
1120_png.rf.940fceba9624aec38597859de8c6a7e3.jpg, 1, 1, 1
649_png.rf.8fdcf5ae6c0cb34cabeecd4cc2227082.jpg, 1, 1, 1
670_png.rf.9182fd6db0af96fedb2898ba6382ec70.jpg, 1, 1, 1
761_png.rf.948143276555c910361edfc11a625c83.jpg, 1, 1, 1
1090_png.rf.91ac104cca1fb3fa7e8fc90052d94c17.jpg, 1, 1, 1
1097_png.rf.9063b0fdba1bb724e048957f1d70faf2.jpg, 1, 1, 0
913_png.rf.8eb089e9b63ed38bc616644154be73e8.jpg, 1, 1, 1
817_png.rf.954139ad92a44df46e8f507a0698dd4b.jpg, 1, 1, 1
1016_png.rf.91b01187aedbe9729bd260066868ec41.jpg, 1, 1, 1
654_png.rf.8f7d691de9b7c46d5fa2a74b6fdc47da.jpg, 1, 1, 1
909_png.rf.9179aea6cebfaee0e98e5e02c95fc701.jpg, 1, 1, 1
843_png.rf.93b3f8abde6ec770987efe6a4bd0adfc.jpg, 1, 1, 1
644_png.rf.925335bca722aac86de268a9ffd3d466.jpg, 1, 1, 1
1049_png.rf.8e76a08cdb05bde09f4e4a283caf9a09.jpg, 1, 1, 1
741_png.rf.965b26fa71e3e323112c8d377206bf99.jpg, 1, 1, 1
876_png.rf.96483a8bb4285b9cd608c6be2a3cdde4.jpg, 1, 1, 1
745_png.rf.96394313d70c56941ccc7ef55ffc552c.jpg, 1, 1, 1
647_png.rf.965fd17f2e772211eedb585413e9805b.jpg, 1, 1, 1
697_png.rf.987fe7227da6a799c0f821d6151f9d70.jpg, 1, 1, 1
713_png.rf.9765c9750f1b6002c316516af550ab98.jpg, 1, 1, 1
770_png.rf.97ba5e8c4ebd1930dba279956125841a.jpg, 1, 1, 1
725_png.rf.97b6af8126e1777616a3dee6f1e6d638.jpg, 1, 1, 1
1044_png.rf.96b15cc567f5f7c71fd3a25a4ba584e3.jpg, 1, 1, 1
985_png.rf.996b7971f7a5c02a4fd1935d234cc5a8.jpg, 1, 1, 1
710_png.rf.997628b965e858d9a1aa5ce57f78ee6a.jpg, 1, 1, 1
802_png.rf.99b1c3f43b08e430752f979ad7047898.jpg, 1, 1, 1
1122_png.rf.9a69fe79a07195c0dde74b3ee06a3025.jpg, 1, 1, 1
744_png.rf.99da8b320aaee4e9c78392a5201abb8c.jpg, 1, 1, 1
1082_png.rf.9a0b180cea350468714e2c770c18e107.jpg, 1, 1, 1
829_png.rf.9b87b62c1cfb4ebae3661d7cd4c6d785.jpg, 1, 1, 1
928_png.rf.994b6654868a5ea6aa65d35d7961b2d5.jpg, 1, 1, 1
846_png.rf.9c75829aa4e7d0bcc8e6d6f138cba974.jpg, 1, 1, 1
864_png.rf.9be7d1ffec3ba6f594ac7f2476f13a38.jpg, 1, 1, 1
861_png.rf.9bb63f3aa71c7337bb79419e3ac37d50.jpg, 1, 0, 1
652_png.rf.9cb6eb47e9e80a3d3d822599df9f1340.jpg, 1, 1, 1
778_png.rf.9d263810a0d6c1462b1fc26ebcda442e.jpg, 1, 1, 0
851_png.rf.9db87f0fdc3adf3a9651769b30aaeb8e.jpg, 1, 1, 1
1114_png.rf.9dfc9dc4a91d55b05d9a07617af4bc6a.jpg, 1, 1, 1
906_png.rf.9d4610af140a10351fa55f3079998e33.jpg, 1, 1, 1
1072_png.rf.9e04031dcea9fe59225654e2bc86f0b3.jpg, 1, 1, 1
912_png.rf.9e09c8751ed9ef4575b012bf2279ab2f.jpg, 1, 1, 1
1070_png.rf.9f29cdba5a5870d22ea9ccbc85536b8b.jpg, 1, 1, 1
819_png.rf.a025c62c250e5d250450f2f9c2016396.jpg, 1, 1, 1
918_png.rf.a0610941a7e3caee09b968625f39b5f3.jpg, 1, 1, 1
711_png.rf.9e723b5bcb98cabfd5ed0a45bf26ea4c.jpg, 1, 1, 1
1014_png.rf.a07a9a9286ff8edcfca02387b58ed947.jpg, 1, 1, 1
708_png.rf.a06df49369f1a88946bb719c8565d7b1.jpg, 1, 1, 1
875_png.rf.a0fc90ca0683b8f936f4eccd2dfec337.jpg, 1, 1, 1
930_png.rf.a12818ee99d908294c3b4157e33d6edc.jpg, 1, 1, 1
831_png.rf.a16b8418e62198f7e020277778551c5b.jpg, 1, 1, 1
662_png.rf.a1b460b81cd3329ba27ebd907c618f78.jpg, 1, 1, 1
772_png.rf.a08faf40e09b70232a64a5617f18eb48.jpg, 1, 1, 1
1068_png.rf.a18d3e9c16357fcd62b96efa0180edcf.jpg, 1, 1, 1
644_png.rf.a1f6fecab5912ead1507298445413304.jpg, 1, 1, 1
751_png.rf.a1fb914e19706e3d5f66c66182b20889.jpg, 1, 1, 1
788_png.rf.a2c5b9c7e8160c833c476cfcb97fc6a1.jpg, 1, 1, 1
1125_png.rf.a2607c9648cbaa0dc78bcf28e463debd.jpg, 1, 1, 1
761_png.rf.a1903570e6f8d804f338acf3b116eaa5.jpg, 1, 1, 1
1102_png.rf.a2f802387878892f21008a31c7a56b9b.jpg, 1, 1, 1
848_png.rf.a3c298b42caff04e8c4d6e8b82c01197.jpg, 1, 1, 1
1060_png.rf.a38273b3d5c9000b37e5da121066dbbd.jpg, 1, 1, 1
1115_png.rf.a3b1e54a69f16133cfce8485884a7dfc.jpg, 1, 1, 1
1115_png.rf.a41b9d8b86cd8c490a5290b0f391a1b4.jpg, 1, 1, 1
896_png.rf.a5a96e03339036e71dc4558a3f79bbc8.jpg, 1, 1, 0
921_png.rf.a521b9cc2d01e6462a479decb2bb36e3.jpg, 1, 1, 1
998_png.rf.a7018e2a47fcc14bec6984fe754f4738.jpg, 1, 1, 1
819_png.rf.a7651b550a6d8f05c883d40fb34bfbc3.jpg, 1, 1, 1
876_png.rf.a704e7de83bdfbdb04c0ee9f850f9b62.jpg, 1, 1, 1
655_png.rf.a647af2ce0e1084e364a0a6253f4d345.jpg, 1, 1, 1
835_png.rf.a72a7ce32cdb5ea52a6e7e04dbe62e1e.jpg, 1, 1, 1
711_png.rf.a9208818d1675bc1e5c7970864ee386f.jpg, 1, 1, 1
779_png.rf.a8f3725dd6e695956954ed95e9543a67.jpg, 1, 1, 1
1006_png.rf.a83f14827c675505960b2c1908db2bed.jpg, 1, 1, 1
942_png.rf.a7b50bc3eef89ef955103a64523898d5.jpg, 1, 1, 1
862_png.rf.a97f67b33bb4478bfaba9bb6a13af458.jpg, 1, 1, 1
828_png.rf.a8c718ecd1d985c110b9db30e6b7b39b.jpg, 1, 1, 1
914_png.rf.a9bdd5ea78884159c0ecbb5d1201e3aa.jpg, 1, 1, 1
738_png.rf.a9bc9ed54c9c32f32d2ab6878768b9b9.jpg, 1, 1, 1
916_png.rf.a9ef3d916e40f27625acd513ea481045.jpg, 1, 1, 1
846_png.rf.a9f71856127ffda84fc49b37318d9b79.jpg, 1, 1, 1
818_png.rf.aa0affa85edd8843cb7df5f129f9e4dc.jpg, 1, 1, 1
1103_png.rf.aa0961e4a133162cc0b18aa36cd59348.jpg, 1, 1, 1
797_png.rf.aa0d2f527e6d27fdd8a342f96b99e95f.jpg, 1, 1, 1
1016_png.rf.aad75adbbaa82e23d3c83c7db0913546.jpg, 1, 1, 1
672_png.rf.ab9b97b841b7c1a2d10e528d78947211.jpg, 1, 1, 1
1037_png.rf.aba52ecdd4235c917f216d85ebd4dfa5.jpg, 1, 1, 1
656_png.rf.aba533e644da6848af076a5b393ea096.jpg, 1, 1, 1
643_png.rf.abf7b03e8c5c700ae75e0a90a6d2d9ca.jpg, 0, 1, 1
1046_png.rf.abeb31b121e4c9a25edc78879db26651.jpg, 1, 1, 1
695_png.rf.abf6b044d2e831899ee4d66178f86e91.jpg, 1, 1, 1
730_png.rf.abf8533b8f93fd9c214c097c184f49f8.jpg, 1, 1, 1
793_png.rf.ad2724aa789b051a339586e46c9559da.jpg, 1, 1, 1
934_png.rf.ac9bdd4e78ac9e888433b97fcb162b21.jpg, 1, 1, 1
710_png.rf.ac89bd635e995fee2688f68a618bcd07.jpg, 1, 1, 1
664_png.rf.ad522bfb4c2728341d23947d2abe2e01.jpg, 1, 1, 1
767_png.rf.ad8fd33fa60e53e96fbecae5fec51331.jpg, 1, 1, 1
731_png.rf.adb33c8d4eba8d10c46b8e223ef6785c.jpg, 1, 1, 1
1115_png.rf.aeb5d311c95ea1d95e7a74df26835d37.jpg, 1, 1, 1
697_png.rf.aea5926cddf554e7bc02bbb653187739.jpg, 1, 1, 1
697_png.rf.aea18b064c8a7698a1a6e9efd53f6074.jpg, 1, 1, 1
963_png.rf.aebe3c9d88580872c37e860c15f3afcd.jpg, 1, 1, 1
1086_png.rf.aed84fc466cb519b1f3d037bb973d5e1.jpg, 1, 1, 1
1104_png.rf.af9bd9bf357c88cc06fc67603b94548e.jpg, 1, 1, 1
1095_png.rf.b04ffc248f83962a73489d44bbd271d9.jpg, 1, 1, 1
831_png.rf.b1fef46d431699dafe68bdc305fcbe91.jpg, 1, 1, 1
841_png.rf.b2274437596a3ded237f58469a0682f9.jpg, 1, 1, 1
963_png.rf.b2106175271b1903d492f3346415bd4a.jpg, 1, 1, 1
932_png.rf.b01f1becd0d61aa8245ac77cc31ce7b1.jpg, 1, 1, 1
647_png.rf.afec9a24fea98e1c8dfee8d09943c9af.jpg, 1, 1, 1
1023_png.rf.b2213578e61e01de89b9eb16d6727c36.jpg, 1, 1, 1
1008_png.rf.b2535cbddfa4a8c2f2f056c640d36abf.jpg, 1, 1, 1
938_png.rf.b25cda63412e5a1ee25006ad6d846716.jpg, 1, 1, 1
745_png.rf.aede09f2777ab11d4cff92e9322fb415.jpg, 1, 1, 1
1131_png.rf.b2b8bac5de40d76a49c9f4f9cbb47c96.jpg, 1, 1, 1
960_png.rf.b234c33f90f6b521837f5d343a0c394e.jpg, 1, 1, 1
1087_png.rf.b2fc9033c5c731c3a4f51fa33ec6314a.jpg, 1, 1, 1
980_png.rf.b33a5256e92b0e72ec7ecae5adeda154.jpg, 1, 1, 1
1014_png.rf.b3a9ff7c01c0c925c6607d828f123d36.jpg, 1, 1, 1
638_png.rf.b3ff11d8962700b4cacbbbff63281439.jpg, 1, 1, 1
747_png.rf.b3be34ba2af59fe6f1b272e3e6355064.jpg, 1, 1, 1
987_png.rf.b4a5c3eaf3f7836d25532a839a4ca827.jpg, 1, 1, 1
985_png.rf.b64456fd1868cf65dfdb9a51a4ce0850.jpg, 1, 1, 1
1038_png.rf.b66c2dda56bbb2519a95f5e1e8480f60.jpg, 1, 1, 1
703_png.rf.b71adcf1a86443a8fe864b11a103f291.jpg, 1, 1, 1
779_png.rf.b60c36053f1714d00d79315a9de37e2a.jpg, 1, 1, 1
649_png.rf.b768acc9e0d1c29027c101c92775c2c6.jpg, 1, 1, 1
770_png.rf.b66d217b07761cf686230a0ae9c64661.jpg, 1, 1, 1
800_png.rf.b7afbe12b812c900f85ffe742e105f0c.jpg, 1, 1, 1
999_png.rf.b76f65c34f5d74b73141b5d108aee92c.jpg, 1, 1, 1
1035_png.rf.b7c76dc6784f7dbce953544136882627.jpg, 1, 1, 1
636_png.rf.b7fa902ce485fdaec4fc866fbc9101cc.jpg, 1, 1, 1
1031_png.rf.b84a27b738a4beb18d8f0c776c5832f2.jpg, 1, 1, 1
687_png.rf.b84feb4e5e4c5ecb993895a20e2c2275.jpg, 0, 1, 1
859_png.rf.b80adaacbd4c56d8e8b1f9e14a8c1a61.jpg, 1, 1, 1
976_png.rf.b8dcd916400d3bf20604d20e6731e127.jpg, 1, 1, 1
867_png.rf.b8ade863559749c5403f0e38d4ad6628.jpg, 1, 1, 1
883_png.rf.b91dfe1df082ebd3cf0a3ab56d461a7f.jpg, 1, 1, 1
763_png.rf.b8e00ca1702f2c574eb91a988b897263.jpg, 1, 1, 1
899_png.rf.b9e2faa8a0783b0878e4865603d63eb9.jpg, 1, 1, 1
747_png.rf.bb6c588abca1aedfde0d277d00999284.jpg, 1, 1, 1
670_png.rf.b9bf04961338b27494376e22212d6e57.jpg, 1, 1, 1
1019_png.rf.b9ddc2ba9c399ff7e3984c9108c71787.jpg, 1, 1, 1
1109_png.rf.bc291e47df57d52f78514684340ab7c7.jpg, 1, 1, 1
879_png.rf.bbea3f69551a89c7b878d6bb4f22b804.jpg, 1, 1, 1
1113_png.rf.bb1226fb697f853d2e27b19ea4e705b2.jpg, 1, 1, 1
837_png.rf.bde7070793db3d6d72b93467efcc9574.jpg, 0, 1, 1
1051_png.rf.bdf9bfb6f22c1de49079ac2fd008b6f9.jpg, 1, 1, 1
716_png.rf.bdfac3d27bd46bdee5858c5482342dea.jpg, 1, 1, 1
859_png.rf.bbfbfb5f3649116cbbeea74056bd7e19.jpg, 1, 1, 1
664_png.rf.bd009d20a21671e336d69e4f36b1623e.jpg, 1, 1, 1
646_png.rf.be75885a5b0fb7f8f356b2932fb60216.jpg, 1, 1, 1
1061_png.rf.beea269909d12cb29868df81187556e9.jpg, 1, 1, 1
814_png.rf.bf624a465ac096837d3065b5c4f7cda8.jpg, 1, 1, 1
835_png.rf.bfa7e1b29f9e3726b034cf114896c7cb.jpg, 1, 1, 1
778_png.rf.bf70b347275dfc5855df476e36b6aba5.jpg, 1, 1, 0
933_png.rf.c003290fb75d5932ef7d4d6724e844a3.jpg, 1, 1, 1
1055_png.rf.be57d7bf6744d807f0b475c004cfce79.jpg, 1, 1, 1
1109_png.rf.c013d7a64f724f2a75a6e61ba298c5dd.jpg, 1, 1, 1
950_png.rf.bff273403f8a2729f022947f5cff872d.jpg, 1, 1, 1
1033_png.rf.bff76f3ed5a079f71ba86d5481a52dc0.jpg, 1, 1, 1
836_png.rf.c061353a768d6219eed59a7a6f345f65.jpg, 1, 1, 1
660_png.rf.c0eb3b3c5f8056da0a8fe43bf1c66975.jpg, 1, 1, 1
1028_png.rf.c06796055e3e6b84b4ff87064a22caf3.jpg, 1, 1, 1
1042_png.rf.c0cf06d4c708b77b91c912c7b8b88d55.jpg, 1, 1, 1
1015_png.rf.c10933d26813ce507515631e2e76c740.jpg, 1, 1, 1
739_png.rf.c10ba8275e5a08a1bd57fb4fe55f2a6d.jpg, 1, 1, 1
937_png.rf.c108464e55330071ed3e79244c90018b.jpg, 1, 1, 1
1107_png.rf.c20769b0cb4affcba5f1e8e02b051837.jpg, 1, 1, 1
893_png.rf.c24cba17afdbc6ba9fcee89fc0f1f1b1.jpg, 1, 1, 1
918_png.rf.c182e3b033a17976980bcccde8369428.jpg, 1, 1, 1
1126_png.rf.c2f51867b0ca6bb57518b7e4ade983ae.jpg, 1, 1, 1
1076_png.rf.c2db7235b67fbddf00782704163eac55.jpg, 1, 1, 1
987_png.rf.c44d16fed6d54d818470d95490f84f74.jpg, 1, 1, 1
958_png.rf.c2774c5b29d1deef9db7aefa2abe8606.jpg, 1, 1, 1
752_png.rf.c33b5b012d47d855718cd4dd5f7e171a.jpg, 1, 1, 1
662_png.rf.c4ef4d3c77699d507be94cbc0ac6d579.jpg, 1, 1, 1
897_png.rf.c12640d7035b230f39e5f9df1e5c60d3.jpg, 1, 1, 1
903_png.rf.c522717e11bfcee756b31526479aaddc.jpg, 1, 1, 0
1051_png.rf.c57d6803f3eb9d6bc22fee23c0f137c7.jpg, 1, 1, 1
988_png.rf.c693883559eec352e5d47140f8a7b116.jpg, 1, 1, 1
990_png.rf.c45572a59c9d04eae8fc8c52a8a48bd3.jpg, 1, 1, 1
684_png.rf.c5e35f1b7baec31450fff7f98be604f3.jpg, 1, 1, 1
760_png.rf.c746c7dc7ced39e05f750745fe7790b9.jpg, 1, 1, 1
760_png.rf.c5b48fb017cf0d86c11e826108966c8b.jpg, 1, 1, 1
997_png.rf.c5e6cb412d8d1d4d7acd34fac918ccfd.jpg, 1, 1, 1
1070_png.rf.c6f3ee3537f8d31c5c62668b7ef13c8e.jpg, 1, 1, 1
654_png.rf.c87d3cf3b044b663cafca8049fdd30d6.jpg, 1, 1, 1
661_png.rf.c818b28371fe5e197512ca1ecbba5e2e.jpg, 1, 1, 1
988_png.rf.c9e93a0987486d7f669006124b0f680d.jpg, 1, 1, 1
762_png.rf.c9ac4c677454710fe09d1491f7abb69b.jpg, 1, 1, 1
933_png.rf.c9ff390add154f054cc05453ee23f86c.jpg, 1, 1, 1
903_png.rf.ca04bed359eb8eebfa30734be59f9c02.jpg, 1, 1, 0
1011_png.rf.ca4fae9006dc8ce89ae6023ac23ff4ce.jpg, 1, 1, 1
956_png.rf.cb64acd290e9aeb3ca51232e4455bb7d.jpg, 1, 1, 1
782_png.rf.c9ed250f5de095d5b5e03d0e9a699186.jpg, 1, 1, 1
863_png.rf.cb42c8f4d0a935ecd6caccb4c0334fd2.jpg, 1, 1, 1
1064_png.rf.cb85b21bdd939a4ce0be8d5bdeed1b11.jpg, 1, 1, 1
939_png.rf.cba56b9a0524ee6f8ed94f72a2d33972.jpg, 1, 1, 1
788_png.rf.cc2e303ccabc299894f1c88c0ae8280e.jpg, 1, 1, 1
785_png.rf.cca4ce89b11d73429f13025c3f33d50e.jpg, 1, 1, 1
698_png.rf.cc9f3592f8101add93642d90583d095a.jpg, 1, 1, 1
946_png.rf.cca1f71a450e31f210e0c1ee72b6bf7f.jpg, 1, 1, 1
731_png.rf.ccc3ccb6509728a9c74c5c407c1830d8.jpg, 1, 1, 1
808_png.rf.cbffe01a85ce09e6387a1ef928d08f51.jpg, 1, 1, 1
755_png.rf.cd00dc3076b07423a4bed9e0f73dc07c.jpg, 1, 1, 1
643_png.rf.cf76b39fc5d215c433d9442ca9cf13f0.jpg, 0, 1, 1
1024_png.rf.cfe7748c51f93713877bdd89ae9f1913.jpg, 1, 1, 1
1054_png.rf.d0308a47a8b86654140e460b4eda320d.jpg, 0, 1, 1
873_png.rf.cfffbf89d9aaf9a9dfdc12574538b8dc.jpg, 1, 1, 1
1031_png.rf.cef1271feb30cc77159c2db9636d5d7d.jpg, 1, 1, 1
747_png.rf.d04c8577caf3de0641387622f5451c0b.jpg, 1, 1, 1
912_png.rf.d059581875bbfae7a5d6399ad4562b2c.jpg, 1, 1, 1
842_png.rf.d10a037ed99394c45635f3db5526d601.jpg, 1, 1, 1
750_png.rf.d012a17c1e67e2fd45603e56a37b284c.jpg, 1, 1, 1
1088_png.rf.d1065603a86f6ee5d1b9fa1cbe8862ec.jpg, 1, 1, 1
921_png.rf.d231f4464f5f5605fbaca4177cb54fb9.jpg, 1, 1, 1
1004_png.rf.d271597b4324db8933a2ff0062970121.jpg, 1, 1, 1
772_png.rf.d186d58fa21971ff352ca0c6eda99bb9.jpg, 1, 1, 1
804_png.rf.ce846a75345d72cce10a7196235fd4ab.jpg, 1, 1, 1
883_png.rf.d2ffa483548ee5d91d7b4feb4eb122cb.jpg, 1, 1, 1
1053_png.rf.d3dcdc6a32587a2bcd83ddcadf4f4938.jpg, 1, 1, 1
734_png.rf.d2b1e181107cc18fd52de23883beb66b.jpg, 1, 1, 1
799_png.rf.d3e23c67407990fa3ff80b89524359c2.jpg, 1, 1, 1
814_png.rf.d536553f48b1bb4f361f93f3bdaeda37.jpg, 1, 1, 1
690_png.rf.d3f6ba59be80aff746e261ae7a2e439c.jpg, 1, 1, 1
704_png.rf.d5938ed559d5ae6c2210d431cc704d7f.jpg, 1, 1, 1
853_png.rf.d44ba632c8414b3aee82bd96ffe8bf5d.jpg, 1, 1, 1
1113_png.rf.d545c73312fa36230d556d61b9d4fcd9.jpg, 1, 1, 1
641_png.rf.d5ccb822a67c47db62f1318d0804b02a.jpg, 1, 1, 1
916_png.rf.d589f3c1d2a6daf26b0d3e55d5f57bda.jpg, 1, 1, 1
1117_png.rf.d6674f87d9483e5305c1fdd92e3f6ed9.jpg, 1, 1, 1
730_png.rf.d76825c09487ba3a2ccc4f64729bcc65.jpg, 1, 0, 1
934_png.rf.d8a999f5a01ce97c97ea6c9e9c0c5a9d.jpg, 1, 1, 1
1098_png.rf.d89143444cca83581fbace5e9714add2.jpg, 1, 1, 1
780_png.rf.d92a9fc7ab63d63fe7e822631b392579.jpg, 1, 1, 1
992_png.rf.d8fa507f5f550caf55c12e70b82640d4.jpg, 1, 1, 1
1016_png.rf.d9fe03c3af454036c7c13737cbb1cc95.jpg, 1, 1, 1
873_png.rf.d9e869da5b5fe39ef2c1c01aacb33f0a.jpg, 1, 1, 1
704_png.rf.d940f7328eba3bf4dab6497534a6c81c.jpg, 1, 1, 1
1091_png.rf.d94689319373aabca1b70e9df8d188c8.jpg, 1, 1, 1
1001_png.rf.000890a507dec33c8238e860a6466b6c.jpg, 1, 1, 1
1037_png.rf.003d4171dfaffd11622e9093c7122e23.jpg, 1, 1, 1
950_png.rf.00d3b0da7bcadecdf07279298b60f2fa.jpg, 1, 1, 1
1075_png.rf.00406f5b9dd021ae709a57f6d8da149d.jpg, 1, 1, 1
725_png.rf.0150ee91b973207d4b370858676d4879.jpg, 1, 1, 1
896_png.rf.013219e9eead5431fe368d16f0026965.jpg, 1, 1, 0
713_png.rf.01a8e40176c46d751f570a528d5c6c97.jpg, 1, 1, 1
666_png.rf.003e422090d7aac93473049e82438671.jpg, 1, 1, 1
1106_png.rf.028a156b960ac58b57ae212513f00623.jpg, 1, 1, 1
642_png.rf.038618555fd381a3183d043fb85521b7.jpg, 1, 1, 1
993_png.rf.03096721230364c9fb10f846d257d94c.jpg, 1, 1, 1
921_png.rf.035bd0dcd680f606c7f490fbe943abe5.jpg, 1, 1, 1
896_png.rf.0570113ebb1846e5a26b40c6d22f03df.jpg, 1, 1, 0
1090_png.rf.047f96e743da550877b143eda6848d5c.jpg, 1, 1, 1
710_png.rf.073ebddc5d4c935d233d013909a8c334.jpg, 1, 1, 1
738_png.rf.075d964182f4e7a98c7770ca5ac0abb0.jpg, 1, 1, 1
963_png.rf.0587bac98d7f6194d9110f8cb60ead48.jpg, 1, 1, 1
842_png.rf.074fe6a444791b75b1df5f011cd4827b.jpg, 1, 1, 1
1070_png.rf.07ebb3197962fc69f60a8328bb8c8a56.jpg, 1, 1, 1
1128_png.rf.07fa111163f5dae3c05edef7061e4738.jpg, 1, 1, 1
652_png.rf.05b04674ea36cbc84b7832504f734045.jpg, 1, 1, 1
1068_png.rf.0789ebce7712ef64455a3a67520fec94.jpg, 1, 1, 1
1102_png.rf.084156b3949b69157e09827e27a1729c.jpg, 1, 1, 1
837_png.rf.083e4e9d919c2973c77a7ed23a5866f0.jpg, 0, 1, 1
733_png.rf.0925cd01652d6e7bd6eeedb6bbe527e9.jpg, 1, 1, 1
738_png.rf.0a1388eee597c26ad585fa707d2c5d10.jpg, 1, 1, 1
661_png.rf.07fb2a144b20ea19dfe51208dce9e692.jpg, 1, 1, 1
808_png.rf.0aa43c21f3465a67f885cbd66ebd9fcd.jpg, 1, 1, 1
1117_png.rf.0b5ce250781424977bfe50fbb6b28ad6.jpg, 1, 1, 1
746_png.rf.09d48bddc0a0fbaa45604b98e23292a9.jpg, 1, 1, 1
1061_png.rf.0afeefe5fa31e01ea29296462496092e.jpg, 1, 1, 1
1112_png.rf.0ad25e1a3585764550c328a0c374da1b.jpg, 1, 1, 1
942_png.rf.0b673f26d28d7a84b3f158b32d5cfad2.jpg, 1, 1, 1
1023_png.rf.0aea5f6ac9569b4d1cc78609f3f73784.jpg, 1, 1, 1
931_png.rf.0bff2d50a544424685e60c1218ec162e.jpg, 1, 1, 1
763_png.rf.0c2fd1fde1a9e05e45d88d2dfbdce7d6.jpg, 1, 1, 1
877_png.rf.0c88a9725447e864a6244ba3dab88be1.jpg, 1, 1, 1
1077_png.rf.0bd3bf9626af1f4019cd9adf1faae7de.jpg, 1, 1, 1
1111_png.rf.0d34c3274aacaf36f43932191c67084f.jpg, 1, 1, 1
829_png.rf.0c926560e1822ccca558f22355770d63.jpg, 1, 1, 1
1119_png.rf.0dd3e4ebbaadb6c51f27489879989584.jpg, 1, 1, 1
701_png.rf.0d6e4a144d5b633aeb8e6e8d8647de56.jpg, 1, 1, 1
780_png.rf.0c92bddb77b702a17ff3b138a6b55c3c.jpg, 1, 1, 1
653_png.rf.0d66ee31b65f9be1597767eeb9591e8c.jpg, 1, 1, 1
894_png.rf.0c70babf731673aec3b69f3cd117377c.jpg, 0, 1, 1
751_png.rf.0da72e221f81b1e6595a7a90a405bb5e.jpg, 1, 1, 1
1086_png.rf.0e70958c4642a0d9d1ce14c11ca3cdc0.jpg, 1, 1, 1
854_png.rf.0ebd6bba61158788adb24a5f94701627.jpg, 1, 1, 1
639_png.rf.0defa887837a49165738f870afb7d156.jpg, 1, 1, 1
836_png.rf.0ec52786b9bb1e780f9c483f5184cd82.jpg, 1, 1, 1
744_png.rf.0fd87712a3572b7442265025333bc6d4.jpg, 1, 1, 1
786_png.rf.0f02153e4c56ebde67d26deb18fb91b8.jpg, 1, 1, 1
1053_png.rf.0f6de56bb43413effb7fc2bec9de59b7.jpg, 1, 1, 1
639_png.rf.102f997be2ea283726852197bf123efe.jpg, 1, 1, 1
997_png.rf.10874f964706c8cb48bf572e1d258e6d.jpg, 1, 1, 1
1046_png.rf.10558588f4fd44ffd697a120f5435975.jpg, 1, 1, 1
1127_png.rf.106c33b50759e2b6f6cff80cfd05dfc0.jpg, 1, 1, 1
920_png.rf.11da197cf89585e911f41299b5c453f6.jpg, 1, 1, 1
1046_png.rf.1160779cb7108eeda9c26e3288e0bfc3.jpg, 1, 1, 1
785_png.rf.11c5d687bd5de40dea1236a39faa2dc9.jpg, 1, 1, 1
946_png.rf.118c5e6e883d2833e9d69644fa3626df.jpg, 1, 1, 1
1088_png.rf.11f340d5afdd0a738af477faeecb2e1e.jpg, 1, 1, 1
923_png.rf.0ee4410d16aa2d965f5ee61ca2b84676.jpg, 1, 1, 1
1120_png.rf.120ada64180b6ca172a9c5aa472cb597.jpg, 1, 1, 1
657_png.rf.133fdbc6f5b3c40bd5ac247a4dc65db1.jpg, 1, 1, 1
1029_png.rf.12bb50ebf9048105ccb50fe6249c6c2e.jpg, 1, 1, 1
662_png.rf.132e56be39ff3015cf3966799b2af21c.jpg, 1, 1, 1
808_png.rf.13f7389299d59e7b05c3a0e579017fbd.jpg, 1, 1, 1
1135_png.rf.137aba90fd4ae566db3682710155a5d8.jpg, 1, 1, 1
741_png.rf.13d4e0b111da3d4e7c64e80960f68ac4.jpg, 1, 1, 1
770_png.rf.1473fe79e5ac9b1e3b08352c5db89f51.jpg, 1, 1, 1
721_png.rf.132bf56db4958962ac9e022f1da4b3a9.jpg, 1, 1, 1
949_png.rf.14fedda500d77ce42f9c405f0008094c.jpg, 1, 1, 1
1053_png.rf.14590a264aa0a8004608911642dbe7bc.jpg, 1, 1, 1
1114_png.rf.163189b35ab6952c916060c85d0bf57b.jpg, 1, 1, 1
1037_png.rf.14d6ae61559659314db96149e1200adb.jpg, 1, 1, 1
1103_png.rf.163246b561c8d557a84b49a7ef82697a.jpg, 1, 1, 1
938_png.rf.1729f73660d09f43932b5f79a3ba3ff5.jpg, 1, 1, 1
979_png.rf.15a8de0b2a7ff5c3e2553bedaad341ec.jpg, 1, 1, 1
952_png.rf.172d247aeb862b2a8805b2ae9f2827e4.jpg, 1, 1, 1
843_png.rf.1735382f2da15fb12a5733e3577ad164.jpg, 1, 1, 1
1097_png.rf.1749868dbfbe6962a186b27dacd16921.jpg, 1, 1, 0
637_png.rf.177a65c6d864dd3c05966830fa0b417a.jpg, 1, 1, 1
956_png.rf.1789bf6a0064d29b627d33e372f82dd0.jpg, 1, 1, 1
909_png.rf.17ddd67242b912334abe0e73b04bc8d5.jpg, 1, 1, 1
932_png.rf.17df2e85350c975c88b39921bb7523b0.jpg, 1, 1, 1
750_png.rf.17eedaecc0e2ecde35a8b1cc7e88ab53.jpg, 1, 1, 1
937_png.rf.17efb7a14e38c94e593b0a9fe8775755.jpg, 1, 1, 1
792_png.rf.1893e447a34ce2ec3f158e86d753ed95.jpg, 1, 1, 1
1057_png.rf.18f172c4fa4a84440cf20a2ec9e1f4d3.jpg, 1, 1, 1
944_png.rf.18f0e641597a7fa8465594a2239f9bb4.jpg, 1, 1, 1
818_png.rf.184047048b6bf14c65e3e8acbf230a91.jpg, 1, 1, 1
825_png.rf.1949743ad4c8ee7f6797369472ef7bec.jpg, 1, 1, 1
875_png.rf.1939a13e911f4a5bf18e6b19cc3dfef2.jpg, 1, 1, 1
670_png.rf.1963f09dd9a3592b40e5558c0d4c0e7b.jpg, 1, 1, 1
1072_png.rf.19909e7f28b96f2967cf29f9d76925db.jpg, 1, 1, 1
1015_png.rf.1a2b77850eddd5c70d49d8a98fcd62cb.jpg, 1, 1, 1
731_png.rf.1aa5444f17aa799c1c546fac3964648b.jpg, 1, 1, 1
1071_png.rf.1a8a61680af5d5a442b735f91cf9d3b1.jpg, 1, 1, 1
1098_png.rf.1b6ecbb47f75f2a144b55501781713cf.jpg, 1, 1, 1
659_png.rf.1b9980b8fd6745f8c8c140bc7f41de08.jpg, 1, 1, 1
1126_png.rf.1b182cba2a6c9e80c94ff3a4d5653990.jpg, 1, 1, 1
1088_png.rf.1bdae09b95f56c58046eec564975a500.jpg, 1, 1, 1
1091_png.rf.1a80f43cbe7b9cc61d8637cabac34319.jpg, 1, 1, 1
748_png.rf.1be4f9c4a1b02602ca173d14c20edf8f.jpg, 1, 1, 1
990_png.rf.1bab063e8e3ec79e55748cc5361d2aa0.jpg, 1, 1, 1
1067_png.rf.1bf6eca699382f18ec117104318e002c.jpg, 1, 1, 1
750_png.rf.1c22be687e38a16fa94388f2df0cfa52.jpg, 1, 1, 1
767_png.rf.1c600d670a480b15e566601555b4d8dd.jpg, 1, 1, 1
779_png.rf.1c64af426cdf526f424d5de51ee1aa58.jpg, 1, 1, 1
1128_png.rf.1cac403b4306ca91f1747d036d772cdf.jpg, 1, 1, 1
698_png.rf.1dbad2ccc77822334b787fb325b536a4.jpg, 1, 1, 1
659_png.rf.1daae228ad6de84a21925da57404f257.jpg, 1, 1, 1
1132_png.rf.1e01f5c53533bbfa914bd077efea3a09.jpg, 1, 0, 1
831_png.rf.1f3ab378546a0915c52198d695c914f8.jpg, 1, 1, 1
1002_png.rf.1d95f291f392a58b970add26bb2fc9c8.jpg, 1, 1, 1
920_png.rf.1f0ab6de3d66b8870ebfb975bdba2d2a.jpg, 1, 1, 1
690_png.rf.1f7fc008265bf60afb41ab3e183b767a.jpg, 1, 1, 1
725_png.rf.1e365fe63d30ee07b602dd3414a3470a.jpg, 1, 1, 1
936_png.rf.1f405b0d14829d25f5c1e1a8922d1663.jpg, 1, 1, 1
945_png.rf.209a5dee04bfabf76276a9b6fca515b6.jpg, 1, 1, 1
1024_png.rf.201456a31ee1c52c816e8a317982523b.jpg, 1, 1, 1
1008_png.rf.2027a8935a6e90b2e6d2ed31489c624b.jpg, 1, 1, 1
664_png.rf.20f4f24962b5a3f57b2c97c2a6847fb3.jpg, 1, 1, 1
905_png.rf.217a427fd80e510f005380bf35e4a1ec.jpg, 1, 1, 1
681_png.rf.2270e0a8dafbf832d6f10800bf8a5041.jpg, 1, 0, 1
855_png.rf.219d2e9878bf464f211026ba4f8acc9b.jpg, 1, 1, 1
752_png.rf.200749728594645f2a62db86984baedc.jpg, 1, 1, 1
1006_png.rf.2280b93f3679e00fff8726e0e2333f65.jpg, 1, 1, 1
666_png.rf.22b6d8eed79848c7f606d64d44f30c53.jpg, 1, 1, 1
1092_png.rf.24c36357fb44f168f82a312696e3faa6.jpg, 1, 1, 1
727_png.rf.245a96574ccf9a827fced5be04594242.jpg, 1, 1, 1
786_png.rf.24a308e5b14406ed66754c759ffd9f59.jpg, 1, 1, 1
739_png.rf.1ff93f7d8b8f48d347668eb2bf49cb86.jpg, 1, 1, 1
828_png.rf.259eac403aad0320b2e0c10b46168f7e.jpg, 1, 1, 1
800_png.rf.263046f91cbefe55af1a18b23db26861.jpg, 1, 1, 1
653_png.rf.26b9e6d42cf73ecf710d82c20fcd5c36.jpg, 1, 1, 1
660_png.rf.26de8591b9ff179051e7e85b3a736ee9.jpg, 1, 1, 1
910_png.rf.279010517ef9a38d4bc66d3f6f2253fc.jpg, 1, 1, 1
1043_png.rf.28c83a4d3fd1a6f961bb7a1ad4f5dce2.jpg, 1, 0, 1
965_png.rf.28b4ba9a5f2bd710e4ac65d4f365fbc6.jpg, 1, 1, 1
729_png.rf.2939de3c468ff6d25375152fb71afc2a.jpg, 1, 1, 1
877_png.rf.294787e8df0773850f577f9e3fdac564.jpg, 1, 1, 1
901_png.rf.2979ff0abd0add0abebae59e9ac3f441.jpg, 1, 1, 1
1054_png.rf.2a7f2366ee39fca34f4e6270a0c57f84.jpg, 0, 1, 1
1090_png.rf.2ab3aa8e7f2f7a827be19644493220b5.jpg, 1, 1, 1
822_png.rf.2a6806597b1a251134168636d20f5919.jpg, 1, 1, 1
979_png.rf.2ba19955d0844f9b73bcb03c9ce221a8.jpg, 1, 1, 1
1019_png.rf.2b2bab44b5b71d5ac7ed8262be92c35b.jpg, 1, 1, 1
1096_png.rf.2ae31b0ac94fef3b89a57ec45ac5908d.jpg, 1, 1, 1
1127_png.rf.2d94444808d3b4cd5c2433a844fb887d.jpg, 1, 1, 1
767_png.rf.2e3dd9473ddd3c8c92ecb455416b7f11.jpg, 1, 1, 1
655_png.rf.2e5a12ad63aa4c811cc7820f7ff8eaea.jpg, 1, 1, 1
1112_png.rf.2e5bee821ae8e59040afc1204693cacf.jpg, 1, 1, 1
856_png.rf.2e06e45b90a4079bf590767587bd7691.jpg, 0, 1, 1
709_png.rf.2f2ea482373546b623bae91abe9bed52.jpg, 1, 1, 1
966_png.rf.2f09dd5ec9d7a890ffb91654b0b737a9.jpg, 1, 1, 1
913_png.rf.2f3f95382ed5c337aedab2621dc8a99f.jpg, 1, 1, 1
1066_png.rf.2fb1e138b9a9da54a43b36a004b9dff4.jpg, 1, 1, 1
1000_png.rf.3063802d8d81df65c2d1a2d93a805b00.jpg, 1, 1, 1
741_png.rf.307b7be35db83a4fe67266f0c4716545.jpg, 1, 1, 1
818_png.rf.30b33d9cbff6368c745a63b1b7fb5969.jpg, 1, 1, 1
894_png.rf.3187fd5c131f4304ee1c105fad2b8a8e.jpg, 0, 1, 1
976_png.rf.313d8a089ac14545e83c8e2be9ffcb35.jpg, 1, 1, 1
687_png.rf.324751a97cc15a02ccad651fcf5dafa3.jpg, 0, 1, 1
1018_png.rf.31c2bceea838fd369c46083861994de1.jpg, 1, 1, 1
928_png.rf.2f62dd009e2ece0c23992998bb571469.jpg, 1, 1, 1
1040_png.rf.314cb02252b2b49dbf4e97a8bff7de31.jpg, 1, 1, 1
782_png.rf.329cd30dc4fca6fa7384a4c53cef3d38.jpg, 1, 1, 1
914_png.rf.335679b8c8a7de53baf7971d58388baa.jpg, 1, 1, 1
762_png.rf.322c6edc0d50a1e31452079e602cf9dc.jpg, 1, 1, 1
708_png.rf.33499e2dd9c3273a2b3e58110fe3e0bd.jpg, 1, 1, 1
1067_png.rf.34de374ac7503872277d20e5fd505dc6.jpg, 1, 1, 1
804_png.rf.33eeecf0ff03ee9445ded76c1a49064c.jpg, 1, 1, 1
999_png.rf.33a16b6c9b864ba5f927ef8b3f0bdd97.jpg, 1, 1, 1
838_png.rf.34c4108b0479e6af6ebb3dcb38483c7b.jpg, 1, 1, 1
956_png.rf.36110bf16cf0aa24ecdb6d24fcc93da0.jpg, 1, 1, 1
1076_png.rf.37023cea4d840d727eb264e8fd9d2982.jpg, 1, 1, 1
1108_png.rf.36dbe92dedaafbd1ea3f5301fd288fa4.jpg, 1, 1, 1
646_png.rf.371aedc4ae4bd62e2b34a6387b103b87.jpg, 1, 1, 1
659_png.rf.371b1ae52d4dab36fa4140cb126aee16.jpg, 1, 1, 1
873_png.rf.37c7f401a22b6d9d863e0014ed1cc45c.jpg, 1, 1, 1
891_png.rf.38bca7e2b8de8d341b80f347a063ebb7.jpg, 1, 1, 0
651_png.rf.38c294b0157c364d164904a1b3e88e1a.jpg, 1, 1, 1
647_png.rf.398310449934d329e17b1c84a8908f2e.jpg, 1, 1, 1
930_png.rf.3863178a1ddc33f0f5db9d77761b2ceb.jpg, 1, 1, 1
1018_png.rf.39f697d8848cc52660ba2067184de94c.jpg, 1, 1, 1
1106_png.rf.3ac53ea04a9d22e916205e7b70fc7a15.jpg, 1, 1, 1
856_png.rf.3a73d5eb5ffdc68ec773e957eb2828fc.jpg, 0, 1, 1
1135_png.rf.3a41e221bca82a85c22bdada49796f47.jpg, 1, 1, 1
851_png.rf.3b3eb2d44f0b4866ed44602a54dd8ba2.jpg, 1, 1, 1
745_png.rf.3ce998abcb1ca6eaed8201e1e7510c34.jpg, 1, 1, 1
734_png.rf.3cfe796c920af32ad46550ce62c62914.jpg, 1, 1, 1
656_png.rf.3c623ca472d10d9d947b63bee6877aea.jpg, 1, 1, 1
680_png.rf.3d311314ed25fd7f970c1717fcb10868.jpg, 1, 1, 1
998_png.rf.3dbcf51a940b030566e60c559ede2a6e.jpg, 1, 1, 1
948_png.rf.3f1a00c7037023b3f4d033c3c4916346.jpg, 1, 1, 1
657_png.rf.3d4679a597b69458309a8467ce2bee7b.jpg, 1, 1, 1
1029_png.rf.3f786c6952e365979c26317652965fbb.jpg, 1, 1, 1
1082_png.rf.3e4ea7a2553f24868c22ca2bf6f9399a.jpg, 1, 1, 1
1125_png.rf.3b4c1b61b6705e3a29f347c0e7a18930.jpg, 1, 1, 1
907_png.rf.3e478097c038da28d2c2c8b3b5ff5b8d.jpg, 1, 1, 1
674_png.rf.40a8323b286483161c4174e2716dcc92.jpg, 1, 1, 1
655_png.rf.41d8e9bc5a5a085e5c95a90d4ed0d970.jpg, 1, 1, 1
1057_png.rf.41137e0248e525f6f8d15a89ea245a3b.jpg, 1, 1, 1
825_png.rf.4162a3ec1ce1062e68793315a311e4f1.jpg, 1, 1, 1
793_png.rf.3e1d6078af716ee444ce675e5b1f616e.jpg, 1, 1, 1
985_png.rf.448180c8b31c2bfbb82234d7ecc9053b.jpg, 1, 1, 1
1122_png.rf.472352acdd9f7340e8ddac857efdfb7a.jpg, 1, 1, 1
726_png.rf.43808c31719537fc03a98f0a020fef81.jpg, 1, 1, 1
1043_png.rf.42c8dd019eff629aa39aba825396b330.jpg, 1, 0, 1
958_png.rf.476388dd6da3d4d410bcda364cee2e50.jpg, 1, 1, 1
945_png.rf.469c96c9cf4ffba4e9958496487bbfa5.jpg, 1, 1, 1
1018_png.rf.4634e7dc52af58053da2929196650328.jpg, 1, 1, 1
748_png.rf.4758ac771b8fd28d787dd38774e2b7d7.jpg, 1, 1, 1
1049_png.rf.47fc1b06f958ad3f0922314d9f817b0a.jpg, 1, 1, 1
703_png.rf.46e1dc13dc5cfdb799a60853457c444b.jpg, 1, 1, 1
761_png.rf.4326432d59d8334cca1294a52b9a6468.jpg, 1, 1, 1
727_png.rf.48649edb25052ae35d6fd06308a58c51.jpg, 1, 1, 1
899_png.rf.48323ac18c7f2b6102fcebb953aaec09.jpg, 1, 1, 1
692_png.rf.431ecc2b52d0e543e6e657e214f40131.jpg, 1, 1, 1
755_png.rf.4962e4b33d641059a8efc66d5067c17a.jpg, 1, 1, 1
920_png.rf.4860a0ce3761c7db80629157dc91d466.jpg, 1, 1, 1
994_png.rf.427ed7e9ae6ca34ca38d510d85042523.jpg, 1, 1, 1
786_png.rf.48f568cb9e3787b54181bb3375ac7fdc.jpg, 1, 1, 1
936_png.rf.49bb28e54e3b452b21c9bf6629fe59df.jpg, 1, 1, 1
1064_png.rf.4888dae7089323f2cdd9991b7901336f.jpg, 1, 1, 1
641_png.rf.4a13859bc8fcba5e2531211c7f4015ea.jpg, 1, 1, 1
819_png.rf.46ff7701d3dce758972b3eb34708470c.jpg, 1, 1, 1
1002_png.rf.4447291f0b13aa7915ecb2384c4a8564.jpg, 1, 1, 1
1061_png.rf.4895fff37d3a05804db15fa4d7fcc563.jpg, 1, 1, 1
837_png.rf.4a19c0fe63c7405e415b7f62a1dbd603.jpg, 0, 1, 1
859_png.rf.478046a094d31b893e89ff36019a1e7c.jpg, 1, 1, 1
1000_png.rf.4c164238b154a53faf4800ed2a91c9b7.jpg, 1, 1, 1
726_png.rf.4b1ab8d1c92f332e5afde120ebbb01eb.jpg, 1, 1, 1
868_png.rf.4aa3f7dd24f80fe037bdef6ac47f894f.jpg, 1, 1, 1
735_png.rf.4d76686a1bc5a517589c7eb42de3fde6.jpg, 1, 1, 1
879_png.rf.4d32a88ee6364b0d8aaf1a46a7cd82d9.jpg, 1, 1, 1
908_png.rf.4cc26ae05bdb6235d90ccbd50f6b8c65.jpg, 1, 1, 1
1067_png.rf.4a8b6ac2512a662f4e44dc7f9dc86786.jpg, 1, 1, 1
951_png.rf.500e97ecd42e93af50e9a3bdb6745573.jpg, 1, 1, 1
841_png.rf.5081a0b6981efded06a97afe1dcbaecb.jpg, 1, 1, 1
1033_png.rf.4f901e73bdb1ec9f4965353c52fb5376.jpg, 1, 1, 1
637_png.rf.50acf49cb56568fdefb4f3be00a17a91.jpg, 1, 1, 1
781_png.rf.5103129add35e04fe4f2965199020367.jpg, 1, 1, 1
735_png.rf.51e44bbc59b2985f20387cb9614793c0.jpg, 1, 1, 1
735_png.rf.51a3358b6593884384e3f29eb5481f0d.jpg, 1, 1, 1
807_png.rf.51960b514d1179fe8b9332a134287890.jpg, 1, 1, 1
901_png.rf.524edc38d5aacac42b662a12d878f7ff.jpg, 1, 1, 1
884_png.rf.5266e34dc8d9f76d9afd769a6ac5985e.jpg, 1, 1, 1
905_png.rf.52fbde357be7a7299c8c477eeb1a02ae.jpg, 1, 1, 1
966_png.rf.52f140c381bda3b6b77483646e704758.jpg, 1, 1, 1
751_png.rf.53b5018656e3bc2a23dc8ffb802197f6.jpg, 1, 1, 1
1126_png.rf.540ed0763597982aecabc52a4bf00942.jpg, 1, 1, 1
733_png.rf.540359a0bf150fba7150d7d3fde9d15e.jpg, 1, 1, 1
948_png.rf.54b1d1cce5072cf52d04e1b2f386cab3.jpg, 1, 1, 1
762_png.rf.5536831f841154c1bae843864be96e3a.jpg, 1, 1, 1
1051_png.rf.556305c048886c236f2fb4aa162cf9c1.jpg, 1, 1, 1
1019_png.rf.544ecd5aa296cb453498e827be1d14cb.jpg, 1, 1, 1
1044_png.rf.557e8b609a2696e677ad794f7269498b.jpg, 1, 1, 1
1030_png.rf.55fe82cf75e828e53feec7ec9c9ad592.jpg, 1, 1, 1
829_png.rf.55cfd657ecbed2a9071d2b1b2cbdd6e8.jpg, 1, 1, 1
1059_png.rf.551517eb04ea213b0f906d745b2933bc.jpg, 1, 1, 1
692_png.rf.5700936a6c728e6c56d7c90b7e6fe3e9.jpg, 1, 1, 1
1108_png.rf.57420eeca630fe69e1963b047c314617.jpg, 1, 1, 1
817_png.rf.5573773ec1410124e513745696e79a74.jpg, 1, 1, 1
836_png.rf.57800307680a3ba3e417b3af94f60f80.jpg, 1, 1, 1
934_png.rf.560421a6da3566c0b2774d1ab83808b2.jpg, 1, 1, 1
781_png.rf.5771175c3cd4915e1f4b78a9598cb972.jpg, 1, 1, 1
855_png.rf.5785836f2fb7e402628c958c3e40084f.jpg, 1, 1, 1
1128_png.rf.57a0aa9f99c70b8712d245c9fe66d5df.jpg, 1, 1, 1
817_png.rf.57c5b2ac5c04b73e6a1d989a158ed3c1.jpg, 1, 1, 1
709_png.rf.58f6da0bbb36db603b1d2c48fbeb2478.jpg, 1, 1, 1
1097_png.rf.58b5fd340e9425d6a1fe19626ac070bc.jpg, 1, 1, 0
781_png.rf.5921158f5e4de68a12120f80ee54118b.jpg, 1, 1, 1
992_png.rf.59fe873ff8ed8bab8c596c9a1be1fa5a.jpg, 1, 1, 1
1114_png.rf.59a4d81904a4ad71a83c51f061d602fa.jpg, 1, 1, 1
716_png.rf.59cb7f03d7f7ef961cb7519be7c001a1.jpg, 1, 1, 1
1001_png.rf.58a1baf7a4b92feb95314a36969cea13.jpg, 1, 1, 1
1042_png.rf.5a5152570af3d53a1c29ef1ab1374bc5.jpg, 1, 1, 1
1111_png.rf.5a82a4216afb8971189e8dad383f6cfc.jpg, 1, 1, 1
1040_png.rf.5ae275619d15b9ce7dfc5983b63f53f4.jpg, 1, 1, 1
907_png.rf.5bef11d7677bb294ca60945c1f522e5a.jpg, 1, 1, 1
842_png.rf.5c6477756315cadf9910cf116356f6dc.jpg, 1, 1, 1
646_png.rf.5abbe4b5f66fe96b306f01cf7104ec3d.jpg, 1, 1, 1
1004_png.rf.5c329911532476ed955d9ba60191283b.jpg, 1, 1, 1
672_png.rf.5c5418aa27940262c892febe6fab89f9.jpg, 1, 1, 1
799_png.rf.5c36b64c9e53b885ec8510d2960ed116.jpg, 1, 1, 1
760_png.rf.5cbcb4fea0c79652a0402ec12b7927e4.jpg, 1, 1, 1
894_png.rf.5ea011354c62123a5fd2db3215fa2438.jpg, 0, 1, 1
1092_png.rf.5e17a70b89c8db4945957cb55def6747.jpg, 1, 1, 1
1024_png.rf.5d751ba3304de3375130adde5b702220.jpg, 1, 1, 1
1125_png.rf.5fc9f95fe77ac45438272a0a8be9950a.jpg, 1, 1, 1
855_png.rf.5ebdd6c6db4536de7f9ffdfbef870e9f.jpg, 1, 1, 1
1075_png.rf.5fb505d5e418a6800311a81b07279741.jpg, 1, 1, 1
928_png.rf.609d3393a7a574daac223790329c106c.jpg, 1, 1, 1
939_png.rf.60c3f198be5fc170b7c5f70c45928642.jpg, 1, 1, 1
1121_png.rf.5f65bce4dddf32e2888556552d193431.jpg, 1, 1, 1
1078_png.rf.6149f3d5a2088e82fc1885b42962dfe8.jpg, 1, 1, 1
1059_png.rf.614bfd3b2064c24ee1d21944e343f052.jpg, 1, 1, 1
879_png.rf.61e49a47d970744176795975c3504cd0.jpg, 1, 1, 1
990_png.rf.617d98a2618cf4f710baed53039e6643.jpg, 1, 1, 1
1131_png.rf.627389c3468a9f437f59b8cf08e83cb2.jpg, 1, 1, 1
793_png.rf.613a8849ab39bfcc6f1815550d9eee63.jpg, 1, 1, 1
825_png.rf.62f126e65d159c9263f8aefc0456eb97.jpg, 1, 1, 1
916_png.rf.64a5c7c08ed653edf9f807ecda252c26.jpg, 1, 1, 1
864_png.rf.63f7a369a216c12a1ee502aea3ff6a8b.jpg, 1, 1, 1
950_png.rf.65bb126be6f6f3be93e7f30787e493da.jpg, 1, 1, 1
686_png.rf.665c6af8a68a344836ea40c6c38f3fc4.jpg, 1, 1, 1
1014_png.rf.65d1d9988d5eac74abcf372e3b330e41.jpg, 1, 1, 1
864_png.rf.669134ee2767e4382585f665aa6e626b.jpg, 1, 1, 1
1127_png.rf.670fbaa11f10a38be8e4d75c8800b231.jpg, 1, 1, 1
875_png.rf.685b19054be98b833d089688a8c3423e.jpg, 1, 1, 1
637_png.rf.679c171211379df8557a7db1cda35d61.jpg, 1, 1, 1
680_png.rf.61e3adf933f520eb61d87c52ae98311f.jpg, 1, 1, 1
1132_png.rf.692834ac3ede33496a801229b69e4be1.jpg, 1, 0, 1
988_png.rf.66c66d6e0d082a111650b9f3cba328bf.jpg, 1, 1, 1
1076_png.rf.6689e56abc9ab0dd4fa05baafcf95658.jpg, 1, 1, 1
949_png.rf.69697f1a1c408b3d6bfcf54775deabce.jpg, 1, 1, 1
1043_png.rf.699df292515840c2226805605dd8d20f.jpg, 1, 0, 1
1092_png.rf.6a7395bbf819364898071f02d4f74b0c.jpg, 1, 1, 1
884_png.rf.6ac1cdbad4cc9578096582575a27082c.jpg, 1, 1, 1
906_png.rf.6abb2bf5509c657afe69cac354aa6f68.jpg, 1, 1, 1
807_png.rf.6b40ad94b68b831bbbc24092ea30b0fb.jpg, 1, 1, 1
867_png.rf.6bd6bc588b41ca9b1fd106862084df55.jpg, 1, 1, 1
910_png.rf.6c92a648e8d02df7464e455eadfc5fe3.jpg, 1, 1, 1
681_png.rf.6b7de7bc69a1c6593344f6f39fe72f03.jpg, 1, 0, 1
939_png.rf.6ac6b2abf9dea90681484c87c1b4cbe1.jpg, 1, 1, 1
1057_png.rf.6e50a03ce08788e12d8e74714e05dbca.jpg, 1, 1, 1
684_png.rf.6a0b45f5266565fcaf9ed89044bd6bfe.jpg, 1, 1, 1
802_png.rf.6cbdd68ae183f2d2cf9923c10931b20f.jpg, 1, 1, 1
1030_png.rf.6d69afa1f572008473b74427c62cd4ff.jpg, 1, 1, 1
868_png.rf.6da2e882cb5cd06ea2973b499e2661ce.jpg, 1, 1, 1
729_png.rf.6f1520db8b42b4b1b8864ceb85bc154c.jpg, 1, 1, 1
636_png.rf.6f7fa9d0b5c84af22519e91ff000aa88.jpg, 1, 1, 1
918_png.rf.6fbe6f36f26b8bd9535df2814fddea3c.jpg, 1, 1, 1
1106_png.rf.6f32547a52978fec7761d5d1d5b1d199.jpg, 1, 1, 1
1077_png.rf.6edbc0f617c2fd935971c796e99d4bdb.jpg, 1, 1, 1
1000_png.rf.6f8d2d93628a38a5437c6b8de2df0de0.jpg, 1, 1, 1
792_png.rf.700de092e168219f7b29b690b3369943.jpg, 1, 1, 1
777_png.rf.705e8dcccb90fceb26f6112c4d911c39.jpg, 1, 1, 1
666_png.rf.7059ccbe855e194cad605a7387f54fbe.jpg, 1, 1, 1
1071_png.rf.7104a044cd471b650d786321516fb884.jpg, 1, 1, 1
1035_png.rf.71857a6e7bc5e064de403a45021e8ec6.jpg, 1, 1, 1
828_png.rf.721ab83840369331b04991c37965208b.jpg, 1, 1, 1
785_png.rf.7295da9426b89537b094434dcdca0974.jpg, 1, 1, 1
777_png.rf.7258ff64d50794870f59c5cb3616d893.jpg, 1, 1, 1
863_png.rf.72f161603dc52d5aad5aa344ad40ed83.jpg, 1, 1, 1
778_png.rf.72439e8d704d7ccdd69186333239b33e.jpg, 1, 1, 0
1001_png.rf.74a0c524befb72ca86324394d799c4ef.jpg, 1, 1, 1
997_png.rf.74f6888130a00e4ec46eb9f6d628f23c.jpg, 1, 1, 1
771_png.rf.716757ecf51a17fbdc80009ea27c040d.jpg, 1, 1, 1
944_png.rf.752042f43926af7c919fb710884f7afb.jpg, 1, 1, 1
965_png.rf.757d5a4b37bf56f92debe7b01c8e7304.jpg, 1, 1, 1
1072_png.rf.75fa1302e433b461082be06ca5b84847.jpg, 1, 1, 1
1122_png.rf.7614c8cd140f8b4e4c8c76acdab73fff.jpg, 1, 1, 1
708_png.rf.75ee13fbec076dec10436bb9ddec0b9b.jpg, 1, 1, 1
1108_png.rf.7576cbe411a875d6f0fe8f467e47822d.jpg, 1, 1, 1
713_png.rf.774bd235421015a6e098922ef455adb0.jpg, 1, 1, 1
643_png.rf.76984e69b5874be1b921fbffe62504c0.jpg, 0, 1, 1
1129_png.rf.77dc0453b04fd17098dcdd1ee31895a4.jpg, 1, 1, 1
848_png.rf.7840d067ff496da9fc6926de8349ce3b.jpg, 1, 1, 1
863_png.rf.7816ff09add018fe50c9a5d3679df88c.jpg, 1, 1, 1
980_png.rf.78462dd92682d8ab0c85f9edd2f1c9ac.jpg, 1, 1, 1
853_png.rf.776961f6f3bcf4df69a61ce2fa2a5c52.jpg, 1, 1, 1
906_png.rf.7885250b40f7e82701d06cdb83dcf770.jpg, 1, 1, 1
1086_png.rf.79c6ece6d7837ddab4e113c2916f769d.jpg, 1, 1, 1
656_png.rf.78982acea1523db1e8a0d6c550b1727d.jpg, 1, 1, 1
1091_png.rf.78f5db1950b9f5eeaba9728ecbd389d8.jpg, 1, 1, 1
807_png.rf.7a1cdd6c30a80a3818b0f97171dd3e17.jpg, 1, 1, 1
1042_png.rf.7a46ae856ac427a907e6309845ee3f56.jpg, 1, 1, 1
777_png.rf.7a675d633ea2d5b5818ea173c0d6c886.jpg, 1, 1, 1
660_png.rf.7a4d1cb7fcd3b57af6e9f76ebe272532.jpg, 1, 1, 1
1104_png.rf.7aa5e74c72654e42e34c8e9d2d4dc2a0.jpg, 1, 1, 1
1006_png.rf.7b3e728f6f42337bd3549cc720d76a15.jpg, 1, 1, 1
966_png.rf.7ba93cc4286a59c2ad8867fc6f0788c4.jpg, 1, 1, 1
639_png.rf.7b64c31d868c9305a484387ddc145ab8.jpg, 1, 1, 1
993_png.rf.7bdb1eae43322bbbec04e520f5de9ac6.jpg, 1, 1, 1
897_png.rf.7ae514779f2760c4151d366900765ff2.jpg, 1, 1, 1
854_png.rf.7cef96ae8a6465693830e704de6e0d72.jpg, 1, 1, 1
799_png.rf.7dee93bf34a30b111608ebbda2e8187c.jpg, 1, 1, 1
788_png.rf.7c3dd829f4aabf9aaddfa119016a7434.jpg, 1, 1, 1
868_png.rf.7de19d6aafe58fcca38480258f1134a2.jpg, 1, 1, 1
1121_png.rf.7e3dde9a973fd9065e0bfe414609bfed.jpg, 1, 1, 1
931_png.rf.7e3f7f40d84d76bad425add19f3a04eb.jpg, 1, 1, 1
1096_png.rf.7eaf7354020a9b28f7d7c5a32a22c7de.jpg, 1, 1, 1
944_png.rf.7e99291e372c01f264b07908170257e2.jpg, 1, 1, 1
1044_png.rf.7eec9d9ab59f419ea104c6348ce9acd8.jpg, 1, 1, 1
1029_png.rf.7e75e6d5922aebde6eef6702ef7303bc.jpg, 1, 1, 1
682_png.rf.7e4dcc0e7903ed5fbbd4c2577715cf2e.jpg, 1, 1, 1
883_png.rf.7f04aff06c652f265dc3fad0220ab32c.jpg, 1, 1, 1
1077_png.rf.7fc4fb990eca46c166ac2bcae8a3917a.jpg, 1, 1, 1
721_png.rf.7f000d9502087b54a99700b309b46c67.jpg, 1, 1, 1
638_png.rf.7f804a31b45fb92cb2dfbf02f4af02fa.jpg, 1, 1, 1
727_png.rf.8033157fc30f1b85520863036778b106.jpg, 1, 1, 1
908_png.rf.8070a369134d71f20ea19caedd11576d.jpg, 1, 1, 1
907_png.rf.80f3a6d16320a2fc82fdbf8439ff874b.jpg, 1, 1, 1
867_png.rf.80fe3a85d4a8813c2685360d0b3c1fa2.jpg, 1, 1, 1
694_png.rf.7f3ff2043d51cb10f47bcad6826a2935.jpg, 1, 1, 1
1038_png.rf.8107ff93d2983acb7d8f2f026f05fabd.jpg, 1, 1, 1
1038_png.rf.81418a3ff6f2464a6f27a04f6b2e03fd.jpg, 1, 1, 1
952_png.rf.81330d388b7fe78a4ee0f319928d970e.jpg, 1, 1, 1
951_png.rf.81df4ecb04ee387d1658b47f6d48937f.jpg, 1, 1, 1
1002_png.rf.82c9129f169c990bce0e5c7c11ed5147.jpg, 1, 1, 1
1112_png.rf.830005d53358f201128d09b3ff7dae09.jpg, 1, 1, 1
1096_png.rf.81877c8b04feaa74c501f4f285c41f3c.jpg, 1, 1, 1
814_png.rf.8341f76ec7000cf26786ecf9355d8319.jpg, 1, 1, 1
641_png.rf.8356dcd71532dd3b6384c30e38bd1cd4.jpg, 1, 1, 1
651_png.rf.83b6e2a541fcd041e61d545f9d910b0e.jpg, 1, 1, 1
1103_png.rf.83fe582177aa499a372ab1122ddb8fce.jpg, 1, 1, 1
841_png.rf.83da4fcfc6bfc3ff6b1167469bef11e0.jpg, 1, 1, 1
897_png.rf.84b28eb927c898961f027ba04610065f.jpg, 1, 1, 1
755_png.rf.84c3b9f024f2cd1d2d421ee46ad14c20.jpg, 1, 1, 1
923_png.rf.84e4d140fd6cd67b4e6188c1f2e69a94.jpg, 1, 1, 1
979_png.rf.8503b6124af07ae6d28be5142773edcd.jpg, 1, 1, 1
838_png.rf.84fa68ad3e64597f1d517d135d46e44d.jpg, 1, 1, 1
960_png.rf.8444da7e1178c3ca3e7928ed870d181e.jpg, 1, 1, 1
776_png.rf.856e2a6cccc1f292d8e73f573add6008.jpg, 1, 1, 1
909_png.rf.85b3571881e69747ecda6a748da509d7.jpg, 1, 1, 1
1078_png.rf.85dd8aa0bacd66b74f05dde6ef1d1f6a.jpg, 1, 1, 1
642_png.rf.86dac4b9794a44bfd1a986aa3d919eec.jpg, 1, 1, 1
724_png.rf.86ea559c09b7670688dd479d5193757b.jpg, 1, 1, 1
1035_png.rf.877e64b4a72022fefecb5e872309a2d5.jpg, 1, 1, 1
1104_png.rf.879aac03a58a725d8f753228e08232d5.jpg, 1, 1, 1
684_png.rf.8852ec06698b8a3e96fcf1de61056e41.jpg, 1, 1, 1
862_png.rf.871836fc48400e4bfe3f66de648dfa90.jpg, 1, 1, 1
687_png.rf.863505ea505f506cddd640e1e43dc118.jpg, 0, 1, 1
792_png.rf.882500e3387b38c4f38e3b061cfff12e.jpg, 1, 1, 1
1131_png.rf.889e86c58154e49afcedfccd5c2d757f.jpg, 1, 1, 1
1060_png.rf.884c8e8efc0bf8c8f8c6be8289a410c2.jpg, 1, 1, 1
701_png.rf.88b18e21b862d24f2ff45cb116fcf554.jpg, 1, 1, 1
642_png.rf.89473633d353d9f58ee7e19474cf1df8.jpg, 1, 1, 1
695_png.rf.8940d6cf50e0b8528ac862a145f27eb4.jpg, 1, 1, 1
780_png.rf.887657f39e915b2069a5e6217a25abfd.jpg, 1, 1, 1
937_png.rf.89ddecd0bec8d74329f5feaf64e9b90f.jpg, 1, 1, 1
965_png.rf.895a02221f0d9d4d18e2683ad786b134.jpg, 1, 1, 1
1060_png.rf.8a0558f9aea7dd851c6fbfa889c739f4.jpg, 1, 1, 1
1054_png.rf.8979da6b44c628f031a9a848255c43ce.jpg, 0, 1, 1
739_png.rf.8a32a29c6ad2cdd7bc42cf6cc3678467.jpg, 1, 1, 1
846_png.rf.89474a758bacc771af1d7ea535326884.jpg, 1, 1, 1
936_png.rf.8a94de663e1d86e4b9da7e75aad9340b.jpg, 1, 1, 1
843_png.rf.8b7c60ca3edb8a0e479d1c5ca7a7737b.jpg, 1, 1, 1
987_png.rf.8adb7648be49a5476b2f9b0cecaa27fd.jpg, 1, 1, 1
711_png.rf.8b1642ee806c95950da313be9bb241e5.jpg, 1, 1, 1
912_png.rf.8b84d49c94c0e0fbc86e932d48f21624.jpg, 1, 1, 1
1031_png.rf.8bc5bf246d9d7b0b8d212fe1a1ae6fc0.jpg, 1, 1, 1
802_png.rf.8b85883c808dfdd421d8fcb79dea45c6.jpg, 1, 1, 1
651_png.rf.8bdd2129f454a8d6fddb57bcf657b765.jpg, 1, 1, 1
942_png.rf.8c95333c979178482911be606952e93c.jpg, 1, 1, 1
657_png.rf.8c05f646847e43442ecf115eaf7c9fb4.jpg, 1, 1, 1
960_png.rf.8be8c41d615568be85a84690e8b85884.jpg, 1, 1, 1
1028_png.rf.8c64e2a0c7e045c074c9db2aa9ffc706.jpg, 1, 1, 1
948_png.rf.8ca5f357619e8c620be81c00154ddd0c.jpg, 1, 1, 1
1071_png.rf.8c1b7f41a50b217ed316f954544fe9ed.jpg, 1, 1, 1
690_png.rf.8d7ec10ab25dac3da768155c16ab4bd8.jpg, 1, 1, 1
1008_png.rf.8d0d7bea115c59e76d740d483231c300.jpg, 1, 1, 1
1095_png.rf.8d19b6c17c6adc83f871a38c1a080e43.jpg, 1, 1, 1